<?xml version="1.0" encoding="UTF-8"?>
<beans xmlns="http://www.springframework.org/schema/beans"
       xmlns:p="http://www.springframework.org/schema/p"
       xmlns:xsi="http://www.w3.org/2001/XMLSchema-instance"
       xmlns:security="http://www.springframework.org/schema/security"
       xmlns:context="http://www.springframework.org/schema/context"
       xsi:schemaLocation="
        http://www.springframework.org/schema/beans http://www.springframework.org/schema/beans/spring-beans.xsd
        http://www.springframework.org/schema/security http://www.springframework.org/schema/security/spring-security.xsd
        http://www.springframework.org/schema/context http://www.springframework.org/schema/context/spring-context.xsd
       ">
    
    <context:component-scan base-package="com.catapult.spring.shoping.common" />

    <!--
        As of Spring Security 3.1.x,
        this is how to define url patterns without security check
    -->    
    <bean id="dataSource" destroy-method="close" class="com.mchange.v2.c3p0.ComboPooledDataSource">
        <property name="driverClass" value="${jdbc.driverClass}" />
        <property name="jdbcUrl" value="${jdbc.url}" />
        <property name="user" value="${jdbc.user}" />
        <property name="password" value="${jdbc.password}" />
        <property name="maxPoolSize" value="${jdbc.maxPoolSize}" />
        <property name="maxStatements" value="${jdbc.maxStatements}" />
        <property name="minPoolSize" value="${jdbc.minPoolSize}" />
    </bean>
    
    <bean id="transactionManager"
          class="org.springframework.jdbc.datasource.DataSourceTransactionManager"
          p:dataSource-ref="dataSource">
        <qualifier value="transactionMngr"/>
    </bean>
    
    <bean id="jdbcTemplate"
          class="org.springframework.jdbc.core.JdbcTemplate"
          p:dataSource-ref="dataSource"/>

</beans>
